<?xml version="1.0" encoding="UTF-8"?>
<project-private xmlns="http://www.netbeans.org/ns/project-private/1">
    <editor-bookmarks xmlns="http://www.netbeans.org/ns/editor-bookmarks/2" lastBookmarkId="0"/>
    <open-files xmlns="http://www.netbeans.org/ns/projectui-open-files/2">
        <group>
            <file>file:/C:/Users/Juan/Downloads/02_Syncthing/Arquitectura%20Orientada%20a%20Servicios%20(SOA)/practicas/pratica4/HTTPServer/src/httpserver/EchoGetHandler.java</file>
            <file>file:/C:/Users/Juan/Downloads/02_Syncthing/Arquitectura%20Orientada%20a%20Servicios%20(SOA)/practicas/pratica4/HTTPServer/src/httpserver/HTTPServer.java</file>
            <file>file:/C:/Users/Juan/Downloads/02_Syncthing/Arquitectura%20Orientada%20a%20Servicios%20(SOA)/practicas/pratica4/HTTPServer/src/httpserver/EchoPostCalc.java</file>
        </group>
    </open-files>
</project-private>
